sMAPE,MASE,OWA
3.045251783366573,3.278424301206222,1
3.045251783366573,3.278424301206222,1
3.045251783366573,3.278424301206222,1
3.045025619313218,3.2808601602591785,1.0003343645598748
3.070002916686537,3.231342787471269,0.996883379962904
3.063099041173527,3.234333214344656,0.9962059092463206
3.0529511282512813,3.262380607921457,0.9988172953001114
2.9854198996039165,3.2051167498130297,0.9789958982627196
