sMAPE,MASE,OWA
15.256483535071812,1.2051289869437576,1.0954150414522204
15.988281562465428,1.2597170379491531,1.146445174448287
14.426828759537068,1.0633594477881523,1
13.618236602674392,1.0196412968193393,0.9514194755832883
14.828184047339866,1.0098300947651828,0.9887401075733857
13.472631226373016,0.9719481855586786,0.9239474581169814
13.002885680440627,0.9697217065161424,0.9066202727950308
13.433850312814062,0.9663127987725053,0.9199535994210339
