sMAPE,MASE,OWA
9.161286941594078,2.777295108754508,1
9.161286941594078,2.777295108754508,1
9.161286941594078,2.777295108754508,1
9.012103068307583,2.6845099902692793,0.9751536955363619
9.706451272103637,2.4131537052932135,0.9641968541972659
8.867107533980272,2.4001412862663165,0.916044941493835
9.094053581335041,2.637236604810262,0.9711156602191489
8.94695167549543,2.4294814004971443,0.9256847723145742
