sMAPE,MASE,OWA
16.342173485763595,3.9743602634176805,1
16.342173485763595,3.9743602634176805,1
16.342173485763595,3.9743602634176805,1
16.39816272369749,3.9810702703406338,1.0025571910014635
16.534706708038975,3.5764466969759825,0.9558306083068455
15.162601166094857,3.372073794981015,0.8881386774362003
14.602746463824856,3.3824879653342115,0.8723197084457593
14.874311799863431,3.2823265785720452,0.8680274914838298
