sMAPE,MASE,OWA
43.00298683642483,11.60768725159084,3.59292410034461
13.912272896330167,1.1932102074081568,0.6275032783352658
18.382878117755475,2.3950400068779762,1
18.09386661520352,2.384683556441333,0.98997704961663
29.473742164051146,9.37993303969275,2.7598625406180375
19.27665911830969,2.9474578812836483,1.1396355446727644
18.138441158712293,2.4545388096317207,1.005772759122909
22.114028906773378,4.584530937355571,1.558572994388892
